{
  "accents": [],
  "darks": [
    [
      123,
      123,
      123,
      0.008214447463768116
    ]
  ],
  "lights": [
    [
      255,
      255,
      255,
      0.771409607696152
    ]
  ]
}