{
  "accents": [
    [
      222,
      209,
      194,
      0.00022797595089555243
    ]
  ],
  "darks": [
    [
      60,
      60,
      60,
      0.003115671328905883
    ]
  ],
  "lights": [
    [
      255,
      255,
      255,
      0.553818466156839
    ]
  ]
}