{
  "accents": [
    [
      61,
      87,
      143,
      0.00037591995571186664
    ]
  ],
  "darks": [
    [
      60,
      60,
      60,
      0.0014389572749772047
    ]
  ],
  "lights": [
    [
      255,
      255,
      255,
      0.6279762195519083
    ]
  ]
}