{
  "steps": {
    "InitStarterRepo": {
      "started_at": 1752780277.790803,
      "duration": 10.08508014678955,
      "result": true
    }
  }
}