{
  "accents": [
    [
      61,
      87,
      143,
      0.00007518399114237332
    ],
    [
      222,
      209,
      194,
      0.00004559519017911048
    ]
  ],
  "darks": [
    [
      123,
      123,
      123,
      0.001642889492753623
    ],
    [
      60,
      60,
      60,
      0.0009109257207766175
    ]
  ],
  "lights": [
    [
      255,
      255,
      255,
      0.49417222504424013
    ],
    [
      253,
      253,
      253,
      0.09871742816818335
    ]
  ]
}